framewise_displacement	trans_x	trans_y	trans_z	rot_x	rot_y	rot_z	eddy_stdevs	original_file	grad_x	grad_y	grad_z	bval	image_mean	series_b0_mean	series_b0_correction	Patch2Self_pre	Patch2Self_post	Patch2Self_change	MRDeGibbs_pre	MRDeGibbs_post	MRDeGibbs_change
n/a	0.0	0.0	0.0	0.0	-0.0	0.0	0.0	sub-001_ses-01_acq-cmrrmbep2ddiff9660b250030b10006b0_dir-AP_dwi.nii.gz	0.0	0.0	0.0	0.0	1700.2436709388062	1692.07444605122	1.0	1704.219486607143	1704.0825102647211	0.0484429617015366	1704.0825102647211	1700.2436709388062	0.0636307003420639
0.08067755914900002	0.004005642539	0.03195236008	-0.02302780885	-0.0001977052889	-3.91494541e-05	-0.0001969802106	0.0	sub-001_ses-01_acq-cmrrmbep2ddiff9660b250030b10006b0_dir-AP_dwi.nii.gz	0.0	0.0	0.0	0.0	1700.2552185039133	1692.07444605122	1.0	1704.8558618551588	1704.1192479688293	0.0467329892724769	1704.1192479688293	1700.2552185039133	0.0630846281691517
0.998450083139	-0.07660311369	-0.5863537568	-0.1229891964	-0.001377101522	0.001897834125	-0.001072076848	-6.168906000000001	sub-001_ses-01_acq-cmrrmbep2ddiff9660b250030b10006b0_dir-AP_dwi.nii.gz	0.18488	-0.970614	-0.15404	2500.0	314.6226338215317	1692.07444605122	1.0	315.66175595238093	314.7606855355922	0.1518014098657265	314.7606855355922	314.6226338215317	0.0392073046142476
0.42717331118000007	-0.04394179196	-0.2707822767	-0.1191789448	-0.001271273242	0.001622210373	-0.002193229971	-38.7575669	sub-001_ses-01_acq-cmrrmbep2ddiff9660b250030b10006b0_dir-AP_dwi.nii.gz	-0.860014	0.018195	-0.509946	1000.0	569.3311528716162	1692.07444605122	1.0	570.7617063492063	569.8262045691832	0.0976177468714478	569.8262045691832	569.3311528716162	0.0369597844250646
0.27869365459	-0.1102601007	-0.2099639046	-0.1729865363	-0.001706724055	0.002196741756	-0.001248224522	-15.509615099999998	sub-001_ses-01_acq-cmrrmbep2ddiff9660b250030b10006b0_dir-AP_dwi.nii.gz	0.0477697	-0.321497	0.945705	2500.0	302.86058998014613	1692.07444605122	1.0	306.24214657738094	302.9885977699179	0.1625187657879873	302.9885977699179	302.86058998014613	0.0391353684108782
0.28861919430999994	-0.06586765837	-0.3469901472	-0.1204163556	-0.002310713986	0.001971743768	-0.0009846058674	-12.520642986	sub-001_ses-01_acq-cmrrmbep2ddiff9660b250030b10006b0_dir-AP_dwi.nii.gz	0.401319	-0.563321	-0.722227	2500.0	315.9834252617366	1692.07444605122	1.0	316.46305183531746	316.1201328968792	0.1560241755650562	316.1201328968792	315.9834252617366	0.0371021919322852
0.15190104549	-0.05861480246	-0.3574920624	-0.1329510637	-0.001592756948	0.001968116499	-0.002695252886	-4.6561287	sub-001_ses-01_acq-cmrrmbep2ddiff9660b250030b10006b0_dir-AP_dwi.nii.gz	-0.399026	0.591499	-0.700647	1000.0	557.7151853770949	1692.07444605122	1.0	557.8525285218254	558.1845930388967	0.0981640838100622	558.1845930388967	557.7151853770949	0.037729113211403
0.25430059483	-0.08246125139	-0.3913114113	-0.2609057044	-0.001765921596	0.002175525995	-0.001702223904	-19.5202046	sub-001_ses-01_acq-cmrrmbep2ddiff9660b250030b10006b0_dir-AP_dwi.nii.gz	-0.638091	0.764464	0.091838	2500.0	311.7118504262796	1692.07444605122	1.0	312.3989248511905	311.872316220883	0.1472463269895344	311.872316220883	311.7118504262796	0.036490251510657
0.29472501196	-0.147044878	-0.2686763747	-0.2733802062	-0.00230772607	0.002752621192	-0.002483961172	-15.935007220000001	sub-001_ses-01_acq-cmrrmbep2ddiff9660b250030b10006b0_dir-AP_dwi.nii.gz	-0.810551	0.307069	-0.498713	2500.0	311.4761321577301	1692.07444605122	1.0	310.85376984126987	311.60087480158336	0.1502255610012082	311.60087480158336	311.4761321577301	0.0358047898471602
0.33702218565	-0.1076501489	-0.146470133	-0.3445601675	-0.001515086391	0.002263185801	-0.003286711173	9.038758100000003	sub-001_ses-01_acq-cmrrmbep2ddiff9660b250030b10006b0_dir-AP_dwi.nii.gz	0.813186	0.546745	-0.199495	1000.0	563.6851245610202	1692.07444605122	1.0	564.4735131448413	564.1466488181914	0.0945824038789269	564.1466488181914	563.6851245610202	0.0370443929762001
0.4457089359	-0.1361243321	-0.3972850226	-0.261768415	-0.00101438479	0.002269566758	-0.002121231519	-12.5594343	sub-001_ses-01_acq-cmrrmbep2ddiff9660b250030b10006b0_dir-AP_dwi.nii.gz	-0.015428	-0.738514	0.674062	2500.0	302.60726311088587	1692.07444605122	1.0	304.4370250496032	302.74473391422634	0.151421496365617	302.74473391422634	302.60726311088587	0.0380984782299703
0.26444489195	-0.1147561326	-0.2401139066	-0.2824985185	-0.001457609003	0.002744207624	-0.001735587139	1.04546178	sub-001_ses-01_acq-cmrrmbep2ddiff9660b250030b10006b0_dir-AP_dwi.nii.gz	0.860964	-0.427333	0.275913	2500.0	311.5046474885163	1692.07444605122	1.0	311.8103645833333	311.63573562432566	0.1504213110834717	311.63573562432566	311.5046474885163	0.0384640773360901
0.3858901590999999	-0.06466045685	-0.1208760361	-0.3676518666	-0.001094776788	0.002344082808	-0.003600695403	-19.4786543	sub-001_ses-01_acq-cmrrmbep2ddiff9660b250030b10006b0_dir-AP_dwi.nii.gz	0.788032	-0.610965	0.0756781	1000.0	563.6939249653147	1692.07444605122	1.0	563.3169295634921	564.164339474455	0.0936931384657602	564.164339474455	563.6939249653147	0.0364009553205018
0.632291687215	-0.1823770211	-0.5111055506	-0.3105022005	-0.0007184240967	0.00191367371	-0.003063538345	33.5564591	sub-001_ses-01_acq-cmrrmbep2ddiff9660b250030b10006b0_dir-AP_dwi.nii.gz	-0.74408	-0.614724	-0.261648	2500.0	314.86055859711223	1692.07444605122	1.0	314.6900942460317	314.9825389096617	0.1482864892501073	314.9825389096617	314.86055859711223	0.0374476226199591
0.3232429010649999	-0.1405464035	-0.3501462411	-0.3456087388	-0.001887609018	0.002292283345	-0.003222672502	7.8640609999999995	sub-001_ses-01_acq-cmrrmbep2ddiff9660b250030b10006b0_dir-AP_dwi.nii.gz	-0.35136	0.23662	0.905846	2500.0	309.6076167401158	1692.07444605122	1.0	311.36577380952383	309.7467354796472	0.151953952308521	309.7467354796472	309.6076167401158	0.0361807509153323
0.16121298850000004	-0.1130331911	-0.3919673	-0.3578120589	-0.001115983003	0.002238952322	-0.003991223406	24.058322099999998	sub-001_ses-01_acq-cmrrmbep2ddiff9660b250030b10006b0_dir-AP_dwi.nii.gz	-0.890885	-0.451979	-0.0451559	1000.0	567.7934861972338	1692.07444605122	1.0	569.743621031746	568.2800548835919	0.0961008736671139	568.2800548835919	567.7934861972338	0.0369132204375805
0.2254376861	-0.1144841073	-0.3303030538	-0.328668122	-0.001954135485	0.002386105945	-0.002312957775	-4.2213052	sub-001_ses-01_acq-cmrrmbep2ddiff9660b250030b10006b0_dir-AP_dwi.nii.gz	0.937671	-0.345651	0.0360255	2500.0	314.1999792190663	1692.07444605122	1.0	314.33666666666664	314.3424204240864	0.1456718858250682	314.3424204240864	314.1999792190663	0.0366489721939452
0.6027648255355	-0.09945789324	0.04619068233	-0.3650899953	2.20037191e-06	0.002418899676	-0.003820288228	0.0	sub-001_ses-01_acq-cmrrmbep2ddiff9660b250030b10006b0_dir-AP_dwi.nii.gz	0.0	0.0	0.0	0.0	1685.0208109837072	1692.07444605122	1.0	1693.1121701388888	1688.9135226715462	0.06570218772956	1688.9135226715462	1685.0208109837072	0.0645157895334196
0.6499536532355	-0.1539607498	-0.3520633325	-0.298709367	-0.001334515749	0.00226536789	-0.002694213064	-15.2066862	sub-001_ses-01_acq-cmrrmbep2ddiff9660b250030b10006b0_dir-AP_dwi.nii.gz	-0.286243	-0.664457	0.690334	2500.0	303.90808611120707	1692.07444605122	1.0	305.1691815476191	304.0739688822794	0.1473823406626404	304.0739688822794	303.90808611120707	0.0372159267083075
0.7618866601199998	-0.1152130963	0.09842076007	-0.4148979732	-0.002207931597	0.002863948932	-0.004351542331	28.841458900000003	sub-001_ses-01_acq-cmrrmbep2ddiff9660b250030b10006b0_dir-AP_dwi.nii.gz	0.593248	0.355716	0.722165	1000.0	561.1862198463741	1692.07444605122	1.0	559.7987599206349	561.6831442815475	0.0987040767031057	561.6831442815475	561.1862198463741	0.0367387890523268
0.71245597152	-0.1274060314	-0.4069297529	-0.3195696306	-0.002096375218	0.002504637232	-0.002830726793	-11.0556324	sub-001_ses-01_acq-cmrrmbep2ddiff9660b250030b10006b0_dir-AP_dwi.nii.gz	-0.400893	0.916078	-0.00930093	2500.0	309.72790213833184	1692.07444605122	1.0	310.6246614583333	309.87821431747784	0.1451446527202905	309.87821431747784	309.72790213833184	0.0377180314104669
0.1552268725	-0.1737535388	-0.42208763	-0.3379995441	-0.001574793132	0.002780592302	-0.003539021127	9.892860683999999	sub-001_ses-01_acq-cmrrmbep2ddiff9660b250030b10006b0_dir-AP_dwi.nii.gz	-0.668389	-0.307546	0.677254	2500.0	308.2765010232807	1692.07444605122	1.0	308.76276041666665	308.42581635530183	0.1520125095076123	308.42581635530183	308.2765010232807	0.0356717283477826
0.22730648369999995	-0.1224496662	-0.4639152466	-0.396922784	-0.001442333567	0.00247611478	-0.004607119132	31.271787473	sub-001_ses-01_acq-cmrrmbep2ddiff9660b250030b10006b0_dir-AP_dwi.nii.gz	-0.478449	-0.600624	-0.640576	1000.0	569.7252173185411	1692.07444605122	1.0	569.4097569444444	570.2159230946241	0.0937930429850353	570.2159230946241	569.7252173185411	0.0354073246333549
0.44354662215	-0.1502375512	-0.281102293	-0.2975148217	-0.002411857713	0.002630011877	-0.00305978395	6.3301987099999995	sub-001_ses-01_acq-cmrrmbep2ddiff9660b250030b10006b0_dir-AP_dwi.nii.gz	0.0870274	-0.204301	-0.975032	2500.0	309.71277843091934	1692.07444605122	1.0	310.265625	309.82301601599386	0.1552989211306854	309.82301601599386	309.71277843091934	0.036137456978208
0.27970083695	-0.1908800673	-0.4548869345	-0.2655841029	-0.001867786166	0.00260728877	-0.002959719393	-18.003477970000002	sub-001_ses-01_acq-cmrrmbep2ddiff9660b250030b10006b0_dir-AP_dwi.nii.gz	-0.73211	-0.681168	-0.0050709	2500.0	313.6687058447065	1692.07444605122	1.0	313.42884052579365	313.8194577129726	0.1440750925452126	313.8194577129726	313.6687058447065	0.0352457705342668
0.7504679916991999	-0.1232403734	-0.0002734100508	-0.3523810415	-0.001919302624	0.003512369003	-0.004831479397	2.0145714999999997	sub-001_ses-01_acq-cmrrmbep2ddiff9660b250030b10006b0_dir-AP_dwi.nii.gz	0.0852609	-0.909138	0.407676	1000.0	557.0131709785516	1692.07444605122	1.0	556.0380034722223	557.5423614127656	0.0910759502587846	557.5423614127656	557.0131709785516	0.0371505216957187
0.8237410081191998	-0.08473783333	-0.4821798784	-0.2523493209	-0.001933105523	0.002188497223	-0.002103148494	-15.167096210000002	sub-001_ses-01_acq-cmrrmbep2ddiff9660b250030b10006b0_dir-AP_dwi.nii.gz	0.445332	-0.858688	-0.253643	2500.0	314.4894704964428	1692.07444605122	1.0	314.22297123015875	314.6358711257228	0.1456029994013453	314.6358711257228	314.4894704964428	0.0372257477707658
0.40044034902	-0.1573352209	-0.369808504	-0.306045264	-0.002523785457	0.003119492438	-0.003816986224	-7.69133828	sub-001_ses-01_acq-cmrrmbep2ddiff9660b250030b10006b0_dir-AP_dwi.nii.gz	-0.888243	0.0946176	0.449524	2500.0	315.24431898904203	1692.07444605122	1.0	315.0554588293651	315.38600963870743	0.1448496910366028	315.38600963870743	315.24431898904203	0.035585022721147
0.2294488143	-0.1369659341	-0.4797090492	-0.3298099119	-0.002419134602	0.003064166056	-0.005165295675	-14.56113316	sub-001_ses-01_acq-cmrrmbep2ddiff9660b250030b10006b0_dir-AP_dwi.nii.gz	-0.808476	-0.247996	-0.533726	1000.0	567.8445429030954	1692.07444605122	1.0	568.4898933531746	568.3497729312209	0.0923246015316022	568.3497729312209	567.8445429030954	0.0355623775952146
0.37403172685	-0.170613864	-0.2996701343	-0.2799290258	-0.003051838838	0.002949393587	-0.003703492461	-7.901124099999999	sub-001_ses-01_acq-cmrrmbep2ddiff9660b250030b10006b0_dir-AP_dwi.nii.gz	0.500974	0.188373	-0.844713	2500.0	309.3725205191228	1692.07444605122	1.0	309.2016294642857	309.51474094976686	0.1482470443481093	309.51474094976686	309.3725205191228	0.0359127494444423
0.27258332769999993	-0.1952128248	-0.5120741727	-0.2878752789	-0.003183386987	0.003278506687	-0.003611472202	-0.9122428000000004	sub-001_ses-01_acq-cmrrmbep2ddiff9660b250030b10006b0_dir-AP_dwi.nii.gz	0.0792433	0.994056	0.0746566	2500.0	312.7358852684683	1692.07444605122	1.0	312.72452628968256	312.88067763148484	0.1427267425441982	312.88067763148484	312.7358852684683	0.0375313552380839
0.2907416882	-0.1551550451	-0.3970276296	-0.3086713973	-0.003424664261	0.00357926311	-0.005366263445	7.815788200000001	sub-001_ses-01_acq-cmrrmbep2ddiff9660b250030b10006b0_dir-AP_dwi.nii.gz	0.16451	0.861145	-0.481004	1000.0	556.2233268719474	1692.07444605122	1.0	554.3904935515873	556.7487008391879	0.0924457104417491	556.7487008391879	556.2233268719474	0.036645703544889
0.39013060799999993	-0.1748153388	-0.5329198376	-0.2310222857	-0.002524595009	0.003315187059	-0.003391828854	-5.83414052	sub-001_ses-01_acq-cmrrmbep2ddiff9660b250030b10006b0_dir-AP_dwi.nii.gz	-0.103917	-0.972417	0.208822	2500.0	309.9343308732783	1692.07444605122	1.0	310.5589955357143	310.09787419888204	0.1443973553125063	310.09787419888204	309.9343308732783	0.0371422568963766
0.9114795047699998	-0.1248334937	0.03114108687	-0.351717873	-0.001989409793	0.004006168805	-0.00570048485	0.0	sub-001_ses-01_acq-cmrrmbep2ddiff9660b250030b10006b0_dir-AP_dwi.nii.gz	0.0	0.0	0.0	0.0	1690.4958673686313	1692.07444605122	1.0	1692.0323883928572	1694.6112655828824	0.0529044844264822	1694.6112655828824	1690.4958673686313	0.0627131703123728
0.71578725227	-0.1659886287	-0.4617703674	-0.3534060592	-0.002471801825	0.002762830351	-0.0038255658	-9.18132894	sub-001_ses-01_acq-cmrrmbep2ddiff9660b250030b10006b0_dir-AP_dwi.nii.gz	-0.201754	0.449795	0.870046	2500.0	311.7101015441726	1692.07444605122	1.0	311.9063070436508	311.87381172955094	0.1442602471971316	311.87381172955094	311.7101015441726	0.0352903411470528
0.4470642486	-0.1289217154	-0.2254307855	-0.3586512497	-0.003184284549	0.003585590748	-0.005658573937	-4.2975422000000005	sub-001_ses-01_acq-cmrrmbep2ddiff9660b250030b10006b0_dir-AP_dwi.nii.gz	-0.641035	0.514411	0.56961	1000.0	565.0888464678602	1692.07444605122	1.0	565.3662934027777	565.5574279854168	0.0919806921192451	565.5574279854168	565.0888464678602	0.0356560739280491
0.4383872974	-0.1282797254	-0.4318929883	-0.2869381145	-0.003404944669	0.002970331581	-0.003303093836	0.9610446	sub-001_ses-01_acq-cmrrmbep2ddiff9660b250030b10006b0_dir-AP_dwi.nii.gz	0.948581	-0.236684	-0.21018	2500.0	315.5022748364032	1692.07444605122	1.0	315.1757514880952	315.6403300622224	0.1456698702970667	315.6403300622224	315.5022748364032	0.0356074650027778
0.318649783	-0.2031614808	-0.5371865648	-0.3487756491	-0.003809773596	0.003452289151	-0.003949045669	3.5293193	sub-001_ses-01_acq-cmrrmbep2ddiff9660b250030b10006b0_dir-AP_dwi.nii.gz	0.226321	0.637157	0.736756	2500.0	312.7854162709265	1692.07444605122	1.0	312.846171875	312.9441078267112	0.1478795764495316	312.9441078267112	312.7854162709265	0.0366742197739853
0.5218853197000001	-0.1421557144	-0.1736151976	-0.3586286524	-0.003312321845	0.003401550232	-0.005149958655	-5.6344936	sub-001_ses-01_acq-cmrrmbep2ddiff9660b250030b10006b0_dir-AP_dwi.nii.gz	0.979017	0.199515	0.0414696	1000.0	565.2109805834546	1692.07444605122	1.0	566.5152318948412	565.730613166019	0.0899888660054725	565.730613166019	565.2109805834546	0.0349930050171828
0.38367285730000006	-0.178675587	-0.3805056452	-0.3097654259	-0.003104684409	0.003115843749	-0.003815316362	1.49531445	sub-001_ses-01_acq-cmrrmbep2ddiff9660b250030b10006b0_dir-AP_dwi.nii.gz	-0.151561	0.981432	-0.117559	2500.0	309.6845056272256	1692.07444605122	1.0	310.1038132440476	309.844780644146	0.143788373002964	309.844780644146	309.6845056272256	0.0379855796881915
0.08739905150000003	-0.1848796043	-0.3795212811	-0.258504301	-0.003445117036	0.003116813488	-0.0040529049	13.392949000000002	sub-001_ses-01_acq-cmrrmbep2ddiff9660b250030b10006b0_dir-AP_dwi.nii.gz	-0.442944	-0.158842	-0.882366	2500.0	308.1696329133326	1692.07444605122	1.0	309.67261160714287	308.2760891935808	0.1577058234501468	308.2760891935808	308.1696329133326	0.0376488789019126
0.667280034204	-0.1490735423	-0.002909431146	-0.3611591525	-0.003333351575	0.004206177779	-0.005895920563	61.394102700000005	sub-001_ses-01_acq-cmrrmbep2ddiff9660b250030b10006b0_dir-AP_dwi.nii.gz	-0.40718	-0.438729	0.801075	1000.0	552.8068503225879	1692.07444605122	1.0	553.6278955853174	553.309253969979	0.0959597297347298	553.309253969979	552.8068503225879	0.0372283550987964
0.799882235404	-0.2311917543	-0.4805131381	-0.2953309667	-0.003616253845	0.003232818563	-0.003665539436	33.104208899999996	sub-001_ses-01_acq-cmrrmbep2ddiff9660b250030b10006b0_dir-AP_dwi.nii.gz	0.544622	0.824052	0.155962	2500.0	311.91653205248895	1692.07444605122	1.0	312.2528559027777	312.06495260845026	0.1482678749166028	312.06495260845026	311.91653205248895	0.036955030696716
0.22035926144999993	-0.1788959891	-0.3791120801	-0.2527858134	-0.003784673056	0.003432655009	-0.003779629478	2.2923903699999997	sub-001_ses-01_acq-cmrrmbep2ddiff9660b250030b10006b0_dir-AP_dwi.nii.gz	-0.646561	0.510918	-0.5665	2500.0	305.32525496907584	1692.07444605122	1.0	306.72337549603174	305.4644777307353	0.157428984782268	305.4644777307353	305.32525496907584	0.0387604092840408
0.70163867547	-0.1443193837	0.01294964682	-0.2574535859	-0.004925354384	0.004958180245	-0.006520074327	34.51538221	sub-001_ses-01_acq-cmrrmbep2ddiff9660b250030b10006b0_dir-AP_dwi.nii.gz	0.148571	-0.567709	0.809712	1000.0	547.7842770409096	1692.07444605122	1.0	548.355363343254	548.2911184086202	0.1018608846951334	548.2911184086202	547.7842770409096	0.0372056186706041
0.71994181552	-0.2051998838	-0.380560913	-0.2363468569	-0.003768427065	0.003420927329	-0.00432537403	13.566739380000001	sub-001_ses-01_acq-cmrrmbep2ddiff9660b250030b10006b0_dir-AP_dwi.nii.gz	-0.297821	-0.8037	-0.515139	2500.0	316.3957336317244	1692.07444605122	1.0	315.8496540178571	316.5269172509847	0.1450579552502369	316.5269172509847	316.3957336317244	0.0355883641774279
0.16041239965000004	-0.1803674512	-0.3322143082	-0.1766053338	-0.004104221705	0.003375763306	-0.00415649591	-12.398271	sub-001_ses-01_acq-cmrrmbep2ddiff9660b250030b10006b0_dir-AP_dwi.nii.gz	-0.641989	-0.677643	0.358678	2500.0	309.5269324895386	1692.07444605122	1.0	309.5873685515873	309.68898629850264	0.1444497708193945	309.68898629850264	309.5269324895386	0.0363622935594366
0.2997186419500001	-0.1465124244	-0.3916773115	-0.2361295653	-0.004729954526	0.00379003305	-0.006054020952	19.7978059	sub-001_ses-01_acq-cmrrmbep2ddiff9660b250030b10006b0_dir-AP_dwi.nii.gz	0.229366	0.277759	-0.932867	1000.0	558.2335566212809	1692.07444605122	1.0	558.741080109127	558.75930610649	0.0928150773183588	558.75930610649	558.2335566212809	0.0362805680021383
0.2423492326	-0.1494940746	-0.4066647421	-0.2069266505	-0.003866416402	0.003096433124	-0.003707614262	-15.151283	sub-001_ses-01_acq-cmrrmbep2ddiff9660b250030b10006b0_dir-AP_dwi.nii.gz	0.567066	0.0329689	-0.823012	2500.0	311.76712399852187	1692.07444605122	1.0	311.8833705357143	311.8924486218523	0.1455023049246655	311.8924486218523	311.76712399852187	0.0354888182064574
0.7471818794699998	-0.1149745411	-0.02608793293	-0.1152450513	-0.005539017729	0.003998309374	-0.005941215437	0.0	sub-001_ses-01_acq-cmrrmbep2ddiff9660b250030b10006b0_dir-AP_dwi.nii.gz	0.0	0.0	0.0	0.0	1691.0814885062302	1692.07444605122	1.0	1698.9760987103175	1695.2126411594622	0.0664271175173446	1695.2126411594622	1691.0814885062302	0.0631814053333908
0.94647767007	-0.1872599429	-0.6124962402	-0.2253998367	-0.004615056794	0.003391380887	-0.003919521347	-9.911515051999999	sub-001_ses-01_acq-cmrrmbep2ddiff9660b250030b10006b0_dir-AP_dwi.nii.gz	0.0364156	0.816087	0.576781	2500.0	315.6638303177604	1692.07444605122	1.0	315.8803125	315.8151654592859	0.1463583851155031	315.8151654592859	315.6638303177604	0.0363428895189079
0.89110759531	-0.1243951215	0.01226017371	-0.1711993166	-0.004652485251	0.004694325384	-0.005564865191	-15.93029232	sub-001_ses-01_acq-cmrrmbep2ddiff9660b250030b10006b0_dir-AP_dwi.nii.gz	0.54013	-0.359195	0.761077	1000.0	554.5186314166326	1692.07444605122	1.0	555.1662338789682	555.0521344028747	0.0920223387482488	555.0521344028747	554.5186314166326	0.0360739607057614
0.5701269551600001	-0.1558376185	-0.304167346	-0.1299002054	-0.00417611422	0.004046089016	-0.003070316045	-6.38703844	sub-001_ses-01_acq-cmrrmbep2ddiff9660b250030b10006b0_dir-AP_dwi.nii.gz	0.485903	-0.104381	0.867757	2500.0	306.7838421682021	1692.07444605122	1.0	308.26285466269843	306.91257145826086	0.1547804166748985	306.91257145826086	306.7838421682021	0.0367883137224588
0.4116288679999999	-0.1467775345	-0.5333617015	-0.1967801793	-0.003374569584	0.003263880499	-0.003616451984	-14.643990590000001	sub-001_ses-01_acq-cmrrmbep2ddiff9660b250030b10006b0_dir-AP_dwi.nii.gz	-0.741548	0.228525	0.63078	2500.0	313.71627948385293	1692.07444605122	1.0	314.72751240079367	313.8642534144681	0.147340218731151	313.8642534144681	313.71627948385293	0.0360943729807672
0.6813805484899998	-0.1166191794	-0.08098958146	-0.1833893644	-0.004161828663	0.004378848709	-0.005423409864	-26.21945642	sub-001_ses-01_acq-cmrrmbep2ddiff9660b250030b10006b0_dir-AP_dwi.nii.gz	0.483448	-0.733862	0.477205	1000.0	556.8077038567177	1692.07444605122	1.0	556.9605530753968	557.312469229874	0.092346426906735	557.312469229874	556.8077038567177	0.0365888135346676
0.58582026669	-0.1375457189	-0.3761072534	-0.1432681661	-0.003233588533	0.003683935618	-0.002453465946	-10.48178609	sub-001_ses-01_acq-cmrrmbep2ddiff9660b250030b10006b0_dir-AP_dwi.nii.gz	0.700362	-0.626615	0.341827	2500.0	307.94995728227696	1692.07444605122	1.0	309.0670064484127	308.0973849024012	0.1512560218543984	308.0973849024012	307.94995728227696	0.0370097210122171
0.38313170295	-0.1897209466	-0.2236628127	-0.187643149	-0.004347517155	0.003401335329	-0.003739678068	-5.4907183	sub-001_ses-01_acq-cmrrmbep2ddiff9660b250030b10006b0_dir-AP_dwi.nii.gz	0.348886	0.897124	-0.271013	2500.0	308.98814333520244	1692.07444605122	1.0	309.3193973214286	309.1692196824972	0.1445694539772593	309.1692196824972	308.98814333520244	0.0373305122948582
0.52825826222	-0.1273885728	0.07209721562	-0.2024245314	-0.004841056187	0.004366736393	-0.005388427526	-32.0405337	sub-001_ses-01_acq-cmrrmbep2ddiff9660b250030b10006b0_dir-AP_dwi.nii.gz	0.238153	-0.0927812	0.966786	1000.0	554.6496816237275	1692.07444605122	1.0	553.8893402777778	555.1892498812341	0.0932257607289751	555.1892498812341	554.6496816237275	0.0365449617011831
0.6006668609700001	-0.1442126139	-0.2887061406	-0.1826752071	-0.004125918727	0.003280650591	-0.003123848001	-16.7694527	sub-001_ses-01_acq-cmrrmbep2ddiff9660b250030b10006b0_dir-AP_dwi.nii.gz	-0.573293	0.799283	-0.180226	2500.0	308.1204242609372	1692.07444605122	1.0	308.8492261904762	308.27941960863353	0.1480104768265665	308.27941960863353	308.1204242609372	0.0367439186019636
0.4162524376500001	-0.1910672227	-0.506739151	-0.2430856543	-0.004678798839	0.003678067354	-0.003992638551	-9.8289435736	sub-001_ses-01_acq-cmrrmbep2ddiff9660b250030b10006b0_dir-AP_dwi.nii.gz	0.349633	0.410578	0.84213	2500.0	310.36971507048384	1692.07444605122	1.0	311.27245535714286	310.5292031242771	0.1480921404182359	310.5292031242771	310.36971507048384	0.0354337439222001
0.78459670097	-0.1176622883	0.06586995937	-0.2065850909	-0.005347350612	0.003955122549	-0.005088673439	29.7074734	sub-001_ses-01_acq-cmrrmbep2ddiff9660b250030b10006b0_dir-AP_dwi.nii.gz	0.699066	0.501755	0.50946	1000.0	561.4397162004382	1692.07444605122	1.0	563.3121056547619	561.8975405001261	0.0939556521534629	561.8975405001261	561.4397162004382	0.037027309158943
0.49528154542	-0.1659048802	-0.2516761595	-0.1795883219	-0.004564767238	0.003799465718	-0.003976992331	8.931739900000004	sub-001_ses-01_acq-cmrrmbep2ddiff9660b250030b10006b0_dir-AP_dwi.nii.gz	-0.235801	0.778652	-0.581463	2500.0	302.79306646323715	1692.07444605122	1.0	305.4815166170635	302.9243364700348	0.1548519910694741	302.9243364700348	302.79306646323715	0.0382815909798217
0.38864332485	-0.1086091403	-0.5364312339	-0.1645029197	-0.004582982976	0.003245677566	-0.003918854054	-15.687796559999999	sub-001_ses-01_acq-cmrrmbep2ddiff9660b250030b10006b0_dir-AP_dwi.nii.gz	-0.82387	0.385656	0.415341	2500.0	315.1799698599377	1692.07444605122	1.0	315.2518142361111	315.3461358037502	0.1434312171548638	315.3461358037502	315.1799698599377	0.0361783693629414
0.3864775067500001	-0.09331591015	-0.3255676701	-0.1702834569	-0.006009657402	0.003209735965	-0.005547041539	-22.4588176	sub-001_ses-01_acq-cmrrmbep2ddiff9660b250030b10006b0_dir-AP_dwi.nii.gz	-0.214133	0.884349	0.414818	1000.0	565.3235503246856	1692.07444605122	1.0	564.763216765873	565.7930095773868	0.088755431403955	565.7930095773868	565.3235503246856	0.0363717489680095
0.46349178564	-0.09242692441000001	-0.4721081698	-0.1131130116	-0.004175225738	0.002626488917	-0.002786883153	-16.38982948	sub-001_ses-01_acq-cmrrmbep2ddiff9660b250030b10006b0_dir-AP_dwi.nii.gz	0.547681	-0.347181	-0.761256	2500.0	313.5225821306548	1692.07444605122	1.0	314.4658122519841	313.6615082517909	0.14658096196326	313.6615082517909	313.5225821306548	0.0356828080644854
0.6985980028000001	-0.05918526094	-0.09019105502	-0.08197700045	-0.00609013252	0.003256514436	-0.00528801512	0.0	sub-001_ses-01_acq-cmrrmbep2ddiff9660b250030b10006b0_dir-AP_dwi.nii.gz	0.0	0.0	0.0	0.0	1692.4015617201933	1692.07444605122	1.0	1696.3404104662698	1696.5436954431927	0.0529747344085813	1696.5436954431927	1692.4015617201933	0.0611087725926603
0.7053229733399999	-0.1631134004	-0.4773669451	-0.1760246799	-0.005374847911	0.003045398975	-0.003810989903	-9.224873299999999	sub-001_ses-01_acq-cmrrmbep2ddiff9660b250030b10006b0_dir-AP_dwi.nii.gz	0.335134	0.942168	0.00199129	2500.0	312.1433848524469	1692.07444605122	1.0	312.3547879464286	312.30175986991395	0.1433235853030088	312.30175986991395	312.1433848524469	0.0370649756130699
0.43791219376	-0.07641555894	-0.3044007571	-0.2204264001	-0.006174597889	0.002950822469	-0.005593592301	-31.257942900000003	sub-001_ses-01_acq-cmrrmbep2ddiff9660b250030b10006b0_dir-AP_dwi.nii.gz	-0.228569	0.73823	0.634644	1000.0	563.9930802352517	1692.07444605122	1.0	562.9041034226191	564.4838266581933	0.0916438101427049	564.4838266581933	563.9930802352517	0.0355569040487763
0.32813567801000004	-0.1123200086	-0.3377744722	-0.1348039079	-0.005691219587	0.002346130088	-0.003216962563	-15.960520500000001	sub-001_ses-01_acq-cmrrmbep2ddiff9660b250030b10006b0_dir-AP_dwi.nii.gz	0.776234	0.437751	-0.453691	2500.0	312.0308412032603	1692.07444605122	1.0	311.3285168650794	312.19160432327493	0.1445519668505961	312.19160432327493	312.0308412032603	0.035876798799312
0.2684582197	-0.1705074189	-0.4715346434	-0.1664138433	-0.005630361382	0.003181233071	-0.003214909695	1.856566393	sub-001_ses-01_acq-cmrrmbep2ddiff9660b250030b10006b0_dir-AP_dwi.nii.gz	0.876985	0.36949	0.307205	2500.0	313.4037070446173	1692.07444605122	1.0	313.2934461805556	313.5416936619991	0.1512306772719459	313.5416936619991	313.4037070446173	0.0371639433133396
0.28829352078000003	-0.06663867807	-0.5193044281	-0.1725844457	-0.0055420883	0.002795041539	-0.005350132938	-14.978217800000001	sub-001_ses-01_acq-cmrrmbep2ddiff9660b250030b10006b0_dir-AP_dwi.nii.gz	-0.675043	-0.100137	-0.730951	1000.0	563.3603483277259	1692.07444605122	1.0	564.9278373015873	563.8642951026851	0.094561803663593	563.8642951026851	563.3603483277259	0.0365709485682951
0.28785045203000004	-0.1002328948	-0.4370986192	-0.1285063325	-0.005641093478	0.002489482751	-0.00319525064	-11.667876569999999	sub-001_ses-01_acq-cmrrmbep2ddiff9660b250030b10006b0_dir-AP_dwi.nii.gz	0.869294	0.182756	-0.459269	2500.0	315.39329760341013	1692.07444605122	1.0	314.24990203373017	315.5370452206023	0.1442604532513387	315.5370452206023	315.39329760341013	0.0361561715993032
0.08194060290000003	-0.1036398249	-0.4518908219	-0.1452097029	-0.005137197208	0.00277111819	-0.003350480925	-12.64586505	sub-001_ses-01_acq-cmrrmbep2ddiff9660b250030b10006b0_dir-AP_dwi.nii.gz	0.746237	0.0503539	-0.663773	2500.0	313.51018675236463	1692.07444605122	1.0	313.51405257936506	313.6481949865762	0.1439342222816058	313.6481949865762	313.51018675236463	0.03550597451764
0.7689178089799998	-0.08699981676	0.04397477239	-0.205807997	-0.005764402915	0.003737800056	-0.005672871601	-2.2986541999999988	sub-001_ses-01_acq-cmrrmbep2ddiff9660b250030b10006b0_dir-AP_dwi.nii.gz	-0.0291963	-0.0601771	0.997761	1000.0	553.2815109903647	1692.07444605122	1.0	554.3281944444444	553.8030944381227	0.0944536402365782	553.8030944381227	553.2815109903647	0.0368052572650937
0.72991036418	-0.1182667335	-0.4355142602	-0.140477105	-0.005214228295	0.002943103435	-0.003941272385	-3.8452517000000004	sub-001_ses-01_acq-cmrrmbep2ddiff9660b250030b10006b0_dir-AP_dwi.nii.gz	-0.974274	-0.0419786	0.221425	2500.0	315.8288227844359	1692.07444605122	1.0	316.2397123015873	315.9638372500143	0.1457076174899856	315.9638372500143	315.8288227844359	0.0373108398088599
0.09165188985000003	-0.1148051693	-0.3913299226	-0.1584065965	-0.005504203029	0.002781561343	-0.00387125928	0.2512886500000001	sub-001_ses-01_acq-cmrrmbep2ddiff9660b250030b10006b0_dir-AP_dwi.nii.gz	-0.99686	0.0728391	-0.0310612	2500.0	316.46861564243574	1692.07444605122	1.0	316.283216765873	316.58402961167803	0.1469496543324276	316.58402961167803	316.46861564243574	0.0374225760081081
0.28461251791	-0.08767980763999998	-0.2609590757	-0.1737271652	-0.006052430719	0.003130270168	-0.005210237578	-0.2008612000000003	sub-001_ses-01_acq-cmrrmbep2ddiff9660b250030b10006b0_dir-AP_dwi.nii.gz	0.92733	0.307492	-0.213324	1000.0	565.9537665395568	1692.07444605122	1.0	568.5629811507937	566.4351236735663	0.0924757271143497	566.4351236735663	565.9537665395568	0.0361443004812408
0.5338343889100001	-0.1464288731	-0.5606016519	-0.1258531658	-0.004852210637	0.002912193537	-0.004077159334	-9.34889631	sub-001_ses-01_acq-cmrrmbep2ddiff9660b250030b10006b0_dir-AP_dwi.nii.gz	-0.560135	-0.816135	0.142031	2500.0	310.2880796703306	1692.07444605122	1.0	311.4154836309524	310.4385035817439	0.1453357663521377	310.4385035817439	310.2880796703306	0.0369396826782678
0.21731415985	-0.1483884766	-0.3810770213	-0.1402645699	-0.004771796055	0.003114559455	-0.003931569401	-11.79205625	sub-001_ses-01_acq-cmrrmbep2ddiff9660b250030b10006b0_dir-AP_dwi.nii.gz	-0.428398	-0.760144	0.488525	2500.0	306.26358027864256	1692.07444605122	1.0	307.29347222222225	306.4263668391057	0.1451245890596869	306.4263668391057	306.26358027864256	0.0374562535772984
0.30933849389	-0.07816375745999998	-0.4194075298	-0.170861907	-0.0060097971	0.003239199286	-0.005972647108	14.100568290000002	sub-001_ses-01_acq-cmrrmbep2ddiff9660b250030b10006b0_dir-AP_dwi.nii.gz	-0.309618	0.355012	-0.882101	1000.0	556.2741091533663	1692.07444605122	1.0	556.0507663690477	556.7927877631191	0.0932890893019284	556.7927877631191	556.2741091533663	0.0365563132232218
0.23639191504	-0.1477223204	-0.451344692	-0.1709504115	-0.005816457793	0.003120932728	-0.003588099265	1.0246286900000001	sub-001_ses-01_acq-cmrrmbep2ddiff9660b250030b10006b0_dir-AP_dwi.nii.gz	0.950041	0.111551	0.291511	2500.0	314.1926809841259	1692.07444605122	1.0	314.01383804563494	314.32336018410274	0.1498550508308617	314.32336018410274	314.1926809841259	0.0370953162448559
0.8487257686353	-0.06117085761	0.0003287304453	-0.1319424569	-0.00756209204	0.00385324331	-0.006540013012	0.0	sub-001_ses-01_acq-cmrrmbep2ddiff9660b250030b10006b0_dir-AP_dwi.nii.gz	0.0	0.0	0.0	0.0	1685.022504337065	1692.07444605122	1.0	1690.667531001984	1688.9642152584634	0.0633312927235312	1688.9642152584634	1685.022504337065	0.064143765970447
0.9797492366853	-0.1529989414	-0.4512631605	-0.2765912207	-0.004836922511	0.003109092358	-0.00417572353	-10.28400699	sub-001_ses-01_acq-cmrrmbep2ddiff9660b250030b10006b0_dir-AP_dwi.nii.gz	0.0865086	0.417865	0.904381	2500.0	310.2427851942306	1692.07444605122	1.0	311.2019717261905	310.4001012697502	0.1453511821530304	310.4001012697502	310.2427851942306	0.0356375116847116
0.45298989019	-0.08011687231	-0.2851100897	-0.2309048297	-0.006282126997	0.00310263969	-0.006089433562	-15.634864869999998	sub-001_ses-01_acq-cmrrmbep2ddiff9660b250030b10006b0_dir-AP_dwi.nii.gz	-0.468202	0.729469	0.498659	1000.0	563.7864046570846	1692.07444605122	1.0	564.2577876984127	564.279469656182	0.0893553121201756	564.279469656182	563.7864046570846	0.0360719564918601
0.2804120788400001	-0.1269187033	-0.2975794259	-0.2051702954	-0.005279191304	0.00242704316	-0.003859838238	4.56691817	sub-001_ses-01_acq-cmrrmbep2ddiff9660b250030b10006b0_dir-AP_dwi.nii.gz	0.566421	0.555982	-0.608318	2500.0	305.66869545706663	1692.07444605122	1.0	307.05936259920634	305.83959016149555	0.1486797128959595	305.83959016149555	305.66869545706663	0.0367072161759777
0.44559784694999993	-0.1288091389	-0.6694021186	-0.2004950408	-0.004601623863	0.002671092749	-0.003437265987	-3.9192998999999995	sub-001_ses-01_acq-cmrrmbep2ddiff9660b250030b10006b0_dir-AP_dwi.nii.gz	-0.0523845	-0.940856	-0.334732	2500.0	316.8961618212178	1692.07444605122	1.0	316.2587524801587	317.03750094006915	0.1438358575074423	317.03750094006915	316.8961618212178	0.0376797028646883
0.5928369098399999	-0.09526553521	-0.3479622162	-0.2295760982	-0.006076872349	0.003223212669	-0.005585344508	7.1760475999999995	sub-001_ses-01_acq-cmrrmbep2ddiff9660b250030b10006b0_dir-AP_dwi.nii.gz	0.123396	0.522565	-0.843622	1000.0	556.0332999524655	1692.07444605122	1.0	555.5386793154762	556.5689267855931	0.0934367885816826	556.5689267855931	556.0332999524655	0.0361513976796683
0.48508519813	-0.06372560253	-0.5316311592	-0.204201393	-0.004488305189	0.002635772573	-0.002871319419	-9.03241541	sub-001_ses-01_acq-cmrrmbep2ddiff9660b250030b10006b0_dir-AP_dwi.nii.gz	0.679007	-0.656497	-0.328574	2500.0	313.99075226086075	1692.07444605122	1.0	314.6146577380952	314.13934665725924	0.1473086956838236	314.13934665725924	313.99075226086075	0.0366073044378536
0.45389886122000006	-0.1533613454	-0.3053220792	-0.2116423538	-0.00521239778	0.003308698535	-0.004084562417	-12.13906514	sub-001_ses-01_acq-cmrrmbep2ddiff9660b250030b10006b0_dir-AP_dwi.nii.gz	-0.70431	0.161013	-0.691392	2500.0	309.4920341578163	1692.07444605122	1.0	309.7844035218254	309.63060149619207	0.1492575036096788	309.63060149619207	309.4920341578163	0.0358903390956916
0.54550547145	-0.1124733336	-0.4096798777	-0.3810849023	-0.00382442004	0.003769929521	-0.006851695944	14.06760136	sub-001_ses-01_acq-cmrrmbep2ddiff9660b250030b10006b0_dir-AP_dwi.nii.gz	0.338595	-0.888587	0.30946	1000.0	555.8571806401912	1692.07444605122	1.0	555.2678323412698	556.3431049767344	0.0984537370369163	556.3431049767344	555.8571806401912	0.0367018256815424
0.6256071795	-0.1380690408	-0.1159775161	-0.3064330387	-0.004605310038	0.002762837103	-0.004006533418	1.9784549	sub-001_ses-01_acq-cmrrmbep2ddiff9660b250030b10006b0_dir-AP_dwi.nii.gz	-0.945462	0.164189	-0.281326	2500.0	314.71956025779474	1692.07444605122	1.0	313.6980406746032	314.8581154667737	0.1479666435317256	314.8581154667737	314.71956025779474	0.0355034517766315
0.24658419175000004	-0.117433511	-0.2724541264	-0.3380131953	-0.004350762349	0.002993088216	-0.004279572517	13.40611544	sub-001_ses-01_acq-cmrrmbep2ddiff9660b250030b10006b0_dir-AP_dwi.nii.gz	-0.840549	0.512576	0.17534	2500.0	311.50397294700207	1692.07444605122	1.0	312.65638640873016	311.6520135226015	0.147931670727072	311.6520135226015	311.50397294700207	0.0365675936801369
0.6457729271999999	-0.11213285	0.104894972	-0.4244778469	-0.005147079006	0.0036758075	-0.0063337069	64.21241391000001	sub-001_ses-01_acq-cmrrmbep2ddiff9660b250030b10006b0_dir-AP_dwi.nii.gz	0.185588	0.169576	0.967885	1000.0	551.1440931770401	1692.07444605122	1.0	550.7939670138888	551.6404282000635	0.1001619785030921	551.6404282000635	551.1440931770401	0.0372768715509444
1.0887686497999995	-0.174705108	-0.6055535991	-0.2820175622	-0.004264011979	0.002727822633	-0.004699008074	21.806799599999998	sub-001_ses-01_acq-cmrrmbep2ddiff9660b250030b10006b0_dir-AP_dwi.nii.gz	-0.311673	-0.911326	-0.268972	2500.0	314.41680264512433	1692.07444605122	1.0	314.7692274305556	314.56248206603885	0.142833612607314	314.56248206603885	314.41680264512433	0.0375660892499583
0.21944249299999993	-0.1637505039	-0.5190054787	-0.3536207192	-0.003917627502	0.002977785887	-0.004288623575	-5.692770980000001	sub-001_ses-01_acq-cmrrmbep2ddiff9660b250030b10006b0_dir-AP_dwi.nii.gz	-0.0348358	0.62972	0.77604	2500.0	310.9993343146992	1692.07444605122	1.0	311.8143985615079	311.1490716789317	0.1468660122089841	311.1490716789317	310.9993343146992	0.035619329779762
1.80060515555	-0.1249749592	0.2964319651	-0.6393944335	-0.01014150772	0.005570028443	-0.008684869855999998	55219.02580999999	sub-001_ses-01_acq-cmrrmbep2ddiff9660b250030b10006b0_dir-AP_dwi.nii.gz	0.303034	0.0184413	-0.952801	1000.0	314.41680264512433	1692.07444605122	1.0	561.6204439484127	314.56248206603885	0.4779807585326978	314.56248206603885	314.41680264512433	0.0375660892499583
0.9416447323	-0.1208940855	0.2509195396	-0.3577659021	-0.004165214952	0.003484381363	-0.00453835167	1520.847479	sub-001_ses-01_acq-cmrrmbep2ddiff9660b250030b10006b0_dir-AP_dwi.nii.gz	-0.539316	-0.737353	-0.406754	2500.0	310.9993343146992	1692.07444605122	1.0	314.97463169642856	311.1490716789317	0.2356527185585858	311.1490716789317	310.9993343146992	0.035619329779762
