subject,session,ap_file_exists,pa_file_exists,ap_size_mb,pa_size_mb,ap_dimensions,pa_dimensions,ap_voxel_size,pa_voxel_size,ap_phase_encoding,pa_phase_encoding,ap_total_readout_time,pa_total_readout_time,ap_echo_time,ap_repetition_time,ap_mb_factor,num_b0,num_b1000,num_b2500,num_total_volumes,unique_bvals,num_directions,bvec_norm_ok,issues,abs_motion,rel_motion,outlier_pct,cnr_b1000,cnr_b2500,fba_qc_verdict,fba_qc_notes
sub-001,ses-01,True,True,106.0,1.2,120x120x56x97,120x120x55,1.7999999523162842x1.7999999523162842x1.9800000190734863x5,1.7999999523162842x1.7999999523162842x2.0339999198913574,j-,j,0.0289563,0.0230069,0.065,5,2,7,30,60,97,0;1000;2500,90,OK,,0.59,0.26,0.12,32.63,2.83,pass,
sub-001,ses-02,True,True,105.8,1.2,120x120x56x97,120x120x55,1.7999999523162842x1.7999999523162842x1.9800000190734863x5,1.7999999523162842x1.7999999523162842x2.0339999198913574,j-,j,0.0289563,0.0230069,0.065,5,2,7,30,60,97,0;1000;2500,90,OK,,0.62,0.31,0.0,36.16,2.82,pass,
sub-002,ses-01,True,True,102.8,1.2,120x120x56x97,120x120x55,1.7999999523162842x1.7999999523162842x1.9800000190734863x5,1.7999999523162842x1.7999999523162842x2.0339999198913574,j-,j,0.0289563,0.0230069,0.065,5,2,7,30,60,97,0;1000;2500,90,OK,,0.8,0.32,3.39,32.08,3.0,fail,duplicate data (same as sub-004)
sub-004,ses-01,True,True,102.8,1.2,120x120x56x97,120x120x55,1.7999999523162842x1.7999999523162842x1.9800000190734863x5,1.7999999523162842x1.7999999523162842x2.0339999198913574,j-,j,0.0289563,0.0230069,0.065,5,2,7,30,60,97,0;1000;2500,90,OK,,0.8,0.32,3.39,32.08,2.76,fail,duplicate data (same as sub-002)
sub-005,ses-00,True,True,106.9,1.2,120x120x56x97,120x120x55,1.7999999523162842x1.7999999523162842x1.9800000190734863x5,1.7999999523162842x1.7999999523162842x2.0339999198913574,j-,j,0.0289563,0.0230069,0.065,5,2,7,30,60,97,0;1000;2500,90,OK,,,,,,,not_processed,not in FBA preprocessing pipeline
sub-005,ses-01,True,True,106.9,1.2,120x120x56x97,120x120x55,1.7999999523162842x1.7999999523162842x1.9800000190734863x5,1.7999999523162842x1.7999999523162842x2.0339999198913574,j-,j,0.0289563,0.0230069,0.065,5,2,7,30,60,97,0;1000;2500,90,OK,,1.16,0.35,0.04,25.57,2.05,pass,
sub-011,ses-01,True,True,103.5,1.2,120x120x56x97,120x120x55,1.7999999523162842x1.7999999523162842x1.9799998998641968x5,1.7999999523162842x1.7999999523162842x2.0339999198913574,j-,j,0.0289563,0.0230069,0.065,5,2,7,30,60,97,0;1000;2500,90,OK,unexpected_AP_voxel_size(1.7999999523162842x1.7999999523162842x1.9799998998641968x5),0.8,0.32,0.08,27.22,2.73,pass,
sub-013,ses-01,True,True,109.1,1.3,120x120x56x97,120x120x55,1.7999999523162842x1.7999999523162842x1.9800000190734863x5,1.7999999523162842x1.7999999523162842x2.0339999198913574,j-,j,0.0289563,0.0230069,0.065,5,2,7,30,60,97,0;1000;2500,90,OK,,0.88,0.43,0.3,27.17,2.43,pass,
sub-031,ses-01,True,True,107.1,1.2,120x120x56x97,120x120x55,1.7999999523162842x1.7999999523162842x1.9800000190734863x5,1.7999999523162842x1.7999999523162842x2.0339999198913574,j-,j,0.0289563,0.0230069,0.065,5,2,7,30,60,97,0;1000;2500,90,OK,,0.87,0.33,0.02,32.74,2.85,pass,
sub-031,ses-02,True,True,108.9,1.2,120x120x56x97,120x120x55,1.7999999523162842x1.7999999523162842x1.9800000190734863x5,1.7999999523162842x1.7999999523162842x2.0339999198913574,j-,j,0.0289563,0.0230069,0.065,5,2,7,30,60,97,0;1000;2500,90,OK,,1.52,0.57,0.26,14.2,1.58,fail,visual QC fail
sub-035,ses-01,True,True,105.6,1.2,120x120x56x97,120x120x55,1.7999999523162842x1.7999999523162842x1.9800000190734863x5,1.7999999523162842x1.7999999523162842x2.0339999198913574,j-,j,0.0289563,0.0230069,0.065,5,2,7,30,60,97,0;1000;2500,90,OK,,0.69,0.3,0.18,30.75,2.75,pass,
sub-035,ses-02,True,True,106.3,1.2,120x120x56x97,120x120x55,1.7999999523162842x1.7999999523162842x1.9800000190734863x5,1.7999999523162842x1.7999999523162842x2.0339999198913574,j-,j,0.0289563,0.0230069,0.065,5,2,7,30,60,97,0;1000;2500,90,OK,,0.39,0.28,0.16,41.85,3.1,monitor,big ventricles (anatomical/atrophy); obliquity normal; eddy QC excellent
sub-045,ses-00,True,False,211.7,,132x132x70x127,,1.5909091234207153x1.5909091234207153x1.6000000238418579x5,,j-,,0.0310036,,0.07,5,2,7,0,36,127,0;500;1500;2500;3500,120,OK,missing_PA_nii; unexpected_AP_readout_time(0.0310036); unexpected_AP_echo_time(0.07); unexpected_num_volumes(127); unexpected_num_b1000(0); unexpected_num_b2500(36); unexpected_AP_dimensions(132x132x70x127); unexpected_AP_voxel_size(1.5909091234207153x1.5909091234207153x1.6000000238418579x5); abnormal_AP_size(211.7MB),,,,,,not_processed,not in FBA preprocessing pipeline
sub-045,ses-01,True,True,107.2,1.2,120x120x56x97,120x120x55,1.7999999523162842x1.7999999523162842x1.9800000190734863x5,1.7999999523162842x1.7999999523162842x2.0339999198913574,j-,j,0.0289563,0.0230069,0.065,5,2,7,30,60,97,0;1000;2500,90,OK,,0.35,0.3,0.08,38.81,2.84,pass,
sub-045,ses-02,True,True,108.6,1.2,120x120x56x97,120x120x55,1.7999999523162842x1.7999999523162842x1.9800000190734863x5,1.7999999523162842x1.7999999523162842x2.0339999198913574,j-,j,0.0289563,0.0230069,0.065,5,2,7,30,60,97,0;1000;2500,90,OK,,0.59,0.35,0.22,35.79,2.65,pass,
sub-046,ses-01,True,True,109.0,1.2,120x120x56x97,120x120x55,1.7999999523162842x1.7999999523162842x1.9800000190734863x5,1.7999999523162842x1.7999999523162842x2.0339999198913574,j-,j,0.0289563,0.0230069,0.065,5,2,7,30,60,97,0;1000;2500,90,OK,,0.76,0.32,0.14,23.68,2.0,fail,cerebellum cutoff; acquisition coverage issue
sub-050,ses-01,True,True,102.4,1.2,120x120x56x97,120x120x55,1.7999999523162842x1.7999999523162842x1.9800000190734863x5,1.7999999523162842x1.7999999523162842x2.0339999198913574,j-,j,0.0289563,0.0230069,0.065,5,2,7,30,60,97,0;1000;2500,90,OK,,0.48,0.28,0.12,36.53,2.86,pass,
sub-050,ses-02,True,True,103.4,1.2,120x120x56x97,120x120x55,1.7999999523162842x1.7999999523162842x1.9800000190734863x5,1.7999999523162842x1.7999999523162842x2.0339999198913574,j-,j,0.0289563,0.0230069,0.065,5,2,7,30,60,97,0;1000;2500,90,OK,,0.55,0.27,0.02,37.07,3.0,pass,
sub-052,ses-01,True,True,110.2,1.3,120x120x56x97,120x120x55,1.7999999523162842x1.7999999523162842x1.9800000190734863x5,1.7999999523162842x1.7999999523162842x2.0339999198913574,j-,j,0.0289563,0.0230069,0.065,5,2,7,30,60,97,0;1000;2500,90,OK,,0.47,0.29,1.13,25.38,1.3,fail,movement artifacts; banding-like artifacts
sub-053,ses-01,True,True,104.7,1.2,120x120x56x97,120x120x55,1.7999999523162842x1.7999999523162842x1.9800000190734863x5,1.7999999523162842x1.7999999523162842x2.0339999198913574,j-,j,0.0289563,0.0230069,0.065,5,2,7,30,60,97,0;1000;2500,90,OK,,0.68,0.42,0.16,28.01,2.73,pass,
sub-054,ses-01,True,True,108.9,1.2,120x120x56x97,120x120x55,1.7999999523162842x1.7999999523162842x1.9800000190734863x5,1.7999999523162842x1.7999999523162842x2.0339999198913574,j-,j,0.0289563,0.0230069,0.065,5,2,7,30,60,97,0;1000;2500,90,OK,,0.47,0.34,0.04,37.94,2.97,pass,
sub-055,ses-01,True,True,106.1,1.2,120x120x56x97,120x120x55,1.7999999523162842x1.7999999523162842x1.9800000190734863x5,1.7999999523162842x1.7999999523162842x2.0339999198913574,j-,j,0.0289563,0.0230069,0.065,5,2,7,30,60,97,0;1000;2500,90,OK,,0.98,0.3,0.42,26.31,3.37,pass,
sub-055,ses-02,True,True,106.7,1.2,120x120x56x97,120x120x55,1.7999999523162842x1.7999999523162842x1.9800000190734863x5,1.7999999523162842x1.7999999523162842x2.0339999198913574,j-,j,0.0289563,0.0230069,0.065,5,2,7,30,60,97,0;1000;2500,90,OK,,1.34,0.3,0.4,24.36,2.5,pass,
sub-056,ses-01,True,True,109.0,1.2,120x120x56x97,120x120x55,1.7999999523162842x1.7999999523162842x1.9800000190734863x5,1.7999999523162842x1.7999999523162842x2.0339999198913574,j-,j,0.0289563,0.0230069,0.065,5,2,7,30,60,97,0;1000;2500,90,OK,,0.77,0.33,1.07,18.81,1.53,pass,low CNR (b1000=18.81 b2500=1.53); prior denoising concerns; visually OK
sub-057,ses-01,True,True,104.7,1.2,120x120x56x97,120x120x55,1.7999999523162842x1.7999999523162842x1.9800000190734863x5,1.7999999523162842x1.7999999523162842x2.0339999198913574,j-,j,0.0289563,0.0230069,0.065,5,2,7,30,60,97,0;1000;2500,90,OK,,0.48,0.4,0.1,25.53,2.2,pass,
sub-057,ses-02,True,True,102.1,1.2,120x120x56x97,120x120x55,1.7999999523162842x1.7999999523162842x1.9800000190734863x5,1.7999999523162842x1.7999999523162842x2.0339999198913574,j-,j,0.0289563,0.0230069,0.065,5,2,7,30,60,97,0;1000;2500,90,OK,,0.48,0.28,0.04,28.64,2.33,pass,
sub-058,ses-01,True,True,106.5,1.2,120x120x56x97,120x120x55,1.7999999523162842x1.7999999523162842x1.9800000190734863x5,1.7999999523162842x1.7999999523162842x2.0339999198913574,j-,j,0.0289563,0.0230069,0.065,5,2,7,30,60,97,0;1000;2500,90,OK,,0.41,0.24,0.1,38.16,3.29,pass,
sub-058,ses-02,True,False,102.8,,120x120x56x97,,1.7999999523162842x1.7999999523162842x1.9800000190734863x5,,j-,,0.0289563,,0.065,5,2,7,30,60,97,0;1000;2500,90,OK,missing_PA_nii,,,,,,fail,missing PA fieldmap; cannot run TOPUP/eddy
sub-059,ses-01,True,True,106.3,1.2,120x120x56x97,120x120x55,1.7999999523162842x1.7999999523162842x1.9800000190734863x5,1.7999999523162842x1.7999999523162842x2.0339999198913574,j-,j,0.0289563,0.0230069,0.065,5,2,7,30,60,97,0;1000;2500,90,OK,,0.66,0.28,0.73,24.52,1.92,monitor,obliquity 25.7deg; consistent across sessions; verify template registration
sub-059,ses-02,True,True,109.0,1.2,120x120x56x97,120x120x55,1.7999999523162842x1.7999999523162842x1.9800000190734863x5,1.7999999523162842x1.7999999523162842x2.0339999198913574,j-,j,0.0289563,0.0230069,0.065,5,2,7,30,60,97,0;1000;2500,90,OK,,0.58,0.36,0.44,15.76,1.12,pass,
sub-060,ses-01,True,True,98.2,1.1,120x120x56x97,120x120x55,1.7999999523162842x1.7999999523162842x1.9800000190734863x5,1.7999999523162842x1.7999999523162842x2.0339999198913574,j-,j,0.0289563,0.0230069,0.065,5,2,7,30,60,97,0;1000;2500,90,OK,,0.84,0.25,0.12,23.85,3.13,pass,
sub-062,ses-01,True,True,106.3,1.2,120x120x56x97,120x120x55,1.7999999523162842x1.7999999523162842x2.0339999198913574x5,1.7999999523162842x1.7999999523162842x2.0339999198913574,j-,j,0.0289563,0.0230069,0.065,5,2,7,30,60,97,0;1000;2500,90,OK,unexpected_AP_voxel_size(1.7999999523162842x1.7999999523162842x2.0339999198913574x5),0.73,0.32,0.71,19.71,1.96,pass,
sub-063,ses-01,True,True,107.5,1.2,120x120x56x97,120x120x55,1.7999999523162842x1.7999999523162842x2.0339999198913574x5,1.7999999523162842x1.7999999523162842x2.0339999198913574,j-,j,0.0289563,0.0230069,0.065,5,2,7,30,60,97,0;1000;2500,90,OK,unexpected_AP_voxel_size(1.7999999523162842x1.7999999523162842x2.0339999198913574x5),0.62,0.35,0.99,25.76,2.11,fail,frontal lobe cutoff; motion artifacts
sub-064,ses-01,True,True,103.2,1.2,120x120x56x97,120x120x55,1.7999999523162842x1.7999999523162842x1.9800000190734863x5,1.7999999523162842x1.7999999523162842x2.0339999198913574,j-,j,0.0289563,0.0230069,0.065,5,2,7,30,60,97,0;1000;2500,90,OK,,0.82,0.48,1.15,26.31,1.87,fail,huge ventricles; cerebellum cutoff; denoising failed
sub-108,ses-01,True,True,105.4,1.2,120x120x56x97,120x120x55,1.7999999523162842x1.7999999523162842x1.9800000190734863x5,1.7999999523162842x1.7999999523162842x2.0339999198913574,j-,j,0.0289563,0.0230069,0.065,5,2,7,30,60,97,0;1000;2500,90,OK,,0.56,0.33,0.02,40.67,3.29,pass,
sub-108,ses-02,True,True,106.5,1.2,120x120x56x97,120x120x55,1.7999999523162842x1.7999999523162842x1.9800000190734863x5,1.7999999523162842x1.7999999523162842x2.0339999198913574,j-,j,0.0289563,0.0230069,0.065,5,2,7,30,60,97,0;1000;2500,90,OK,,0.38,0.3,0.04,47.23,3.76,pass,
sub-110,ses-01,True,True,107.6,1.2,120x120x56x97,120x120x55,1.7999999523162842x1.7999999523162842x1.9800000190734863x5,1.7999999523162842x1.7999999523162842x2.0339999198913574,j-,j,0.0289563,0.0230069,0.065,5,2,7,30,60,97,0;1000;2500,90,OK,,0.4,0.33,0.02,31.56,2.66,pass,
sub-110,ses-02,True,True,105.7,1.2,120x120x56x97,120x120x55,1.7999999523162842x1.7999999523162842x1.9800000190734863x5,1.7999999523162842x1.7999999523162842x2.0339999198913574,j-,j,0.0289563,0.0230069,0.065,5,2,7,30,60,97,0;1000;2500,90,OK,,0.44,0.27,0.04,28.84,2.5,pass,
sub-112,ses-01,True,True,103.1,1.2,120x120x56x97,120x120x55,1.7999999523162842x1.7999999523162842x1.9800000190734863x5,1.7999999523162842x1.7999999523162842x2.0339999198913574,j-,j,0.0289563,0.0230069,0.065,5,2,7,30,60,97,0;1000;2500,90,OK,,0.53,0.4,0.0,37.08,3.35,pass,
sub-113,ses-01,True,False,105.1,,120x120x56x97,,1.7999999523162842x1.7999999523162842x1.9800000190734863x5,,j-,,0.0289563,,0.065,5,2,7,30,60,97,0;1000;2500,90,OK,missing_PA_nii,0.72,0.28,0.1,28.46,2.47,pass,
sub-114,ses-01,True,True,107.3,1.2,120x120x56x97,120x120x55,1.7999999523162842x1.7999999523162842x1.9800000190734863x5,1.7999999523162842x1.7999999523162842x2.0339999198913574,j-,j,0.0289563,0.0230069,0.065,5,2,7,30,60,97,0;1000;2500,90,OK,,0.71,0.45,0.12,34.07,2.41,pass,
sub-114,ses-02,True,True,109.4,1.2,120x120x56x97,120x120x55,1.7999999523162842x1.7999999523162842x1.9800000190734863x5,1.7999999523162842x1.7999999523162842x2.0339999198913574,j-,j,0.0289563,0.0230069,0.065,5,2,7,30,60,97,0;1000;2500,90,OK,,0.58,0.45,0.12,29.97,1.94,pass,
sub-118,ses-00,True,False,1.2,,120x120x55,,1.7999999523162842x1.7999999523162842x2.0339999198913574,,j-,,0.0230069,,0.0636,6.5,N/A,1,0,0,1,0,0,no_diffusion_vols,missing_PA_nii; unexpected_AP_readout_time(0.0230069); unexpected_AP_echo_time(0.0636); unexpected_AP_repetition_time(6.5); unexpected_num_volumes(1); unexpected_num_b0(1); unexpected_num_b1000(0); unexpected_num_b2500(0); unexpected_AP_dimensions(120x120x55); unexpected_AP_voxel_size(1.7999999523162842x1.7999999523162842x2.0339999198913574); abnormal_AP_size(1.2MB); bvec_norm_issue,,,,,,not_processed,not in FBA preprocessing pipeline
sub-118,ses-01,True,False,1.2,,120x120x55,,1.7999999523162842x1.7999999523162842x2.0339999198913574,,j-,,0.0230069,,0.0636,6.5,N/A,1,0,0,1,0,0,no_diffusion_vols,missing_PA_nii; unexpected_AP_readout_time(0.0230069); unexpected_AP_echo_time(0.0636); unexpected_AP_repetition_time(6.5); unexpected_num_volumes(1); unexpected_num_b0(1); unexpected_num_b1000(0); unexpected_num_b2500(0); unexpected_AP_dimensions(120x120x55); unexpected_AP_voxel_size(1.7999999523162842x1.7999999523162842x2.0339999198913574); abnormal_AP_size(1.2MB); bvec_norm_issue,1.2,0.28,0.02,23.12,2.58,pass,
sub-119,ses-00,True,False,1.2,,120x120x55,,1.7999999523162842x1.7999999523162842x2.0339999198913574,,j-,,0.0230069,,0.0636,6.5,N/A,1,0,0,1,0,0,no_diffusion_vols,missing_PA_nii; unexpected_AP_readout_time(0.0230069); unexpected_AP_echo_time(0.0636); unexpected_AP_repetition_time(6.5); unexpected_num_volumes(1); unexpected_num_b0(1); unexpected_num_b1000(0); unexpected_num_b2500(0); unexpected_AP_dimensions(120x120x55); unexpected_AP_voxel_size(1.7999999523162842x1.7999999523162842x2.0339999198913574); abnormal_AP_size(1.2MB); bvec_norm_issue,,,,,,not_processed,not in FBA preprocessing pipeline
sub-119,ses-01,True,True,107.5,1.2,120x120x56x97,120x120x55,1.7999999523162842x1.7999999523162842x1.9800000190734863x5,1.7999999523162842x1.7999999523162842x2.0339999198913574,j-,j,0.0289563,0.0230069,0.065,5,2,7,30,60,97,0;1000;2500,90,OK,,,,,,,not_processed,not in FBA preprocessing pipeline
sub-121,ses-01,True,False,1.2,,120x120x55,,1.7999999523162842x1.7999999523162842x2.0339999198913574,,j-,,0.0230069,,0.0636,6.5,N/A,1,0,0,1,0,0,no_diffusion_vols,missing_PA_nii; unexpected_AP_readout_time(0.0230069); unexpected_AP_echo_time(0.0636); unexpected_AP_repetition_time(6.5); unexpected_num_volumes(1); unexpected_num_b0(1); unexpected_num_b1000(0); unexpected_num_b2500(0); unexpected_AP_dimensions(120x120x55); unexpected_AP_voxel_size(1.7999999523162842x1.7999999523162842x2.0339999198913574); abnormal_AP_size(1.2MB); bvec_norm_issue,1.34,0.28,0.54,10.6,0.94,fail,movement artifacts; banding-like artifacts
sub-122,ses-01,True,False,1.2,,120x120x55,,1.7999999523162842x1.7999999523162842x2.0339999198913574,,j-,,0.0230069,,0.0636,6.5,N/A,1,0,0,1,0,0,no_diffusion_vols,missing_PA_nii; unexpected_AP_readout_time(0.0230069); unexpected_AP_echo_time(0.0636); unexpected_AP_repetition_time(6.5); unexpected_num_volumes(1); unexpected_num_b0(1); unexpected_num_b1000(0); unexpected_num_b2500(0); unexpected_AP_dimensions(120x120x55); unexpected_AP_voxel_size(1.7999999523162842x1.7999999523162842x2.0339999198913574); abnormal_AP_size(1.2MB); bvec_norm_issue,0.55,0.25,0.1,21.37,1.56,pass,
sub-123,ses-01,True,True,105.3,1.2,120x120x56x97,120x120x55,1.7999999523162842x1.7999999523162842x1.9800000190734863x5,1.7999999523162842x1.7999999523162842x2.0339999198913574,j-,j,0.0289563,0.0230069,0.065,5,2,7,30,60,97,0;1000;2500,90,OK,,0.34,0.22,0.04,44.25,4.07,pass,
sub-124,ses-01,True,True,105.8,1.2,120x120x56x97,120x120x55,1.7999999523162842x1.7999999523162842x1.9800000190734863x5,1.7999999523162842x1.7999999523162842x2.0339999198913574,j-,j,0.0289563,0.0230069,0.065,5,2,7,30,60,97,0;1000;2500,90,OK,,0.74,0.23,0.16,37.03,3.42,pass,
sub-125,ses-01,True,True,104.4,1.2,120x120x56x97,120x120x55,1.7999999523162842x1.7999999523162842x1.9800000190734863x5,1.7999999523162842x1.7999999523162842x2.0339999198913574,j-,j,0.0289563,0.0230069,0.065,5,2,7,30,60,97,0;1000;2500,90,OK,,1.04,0.28,0.04,29.6,2.74,pass,
sub-126,ses-01,True,True,107.7,1.2,120x120x56x97,120x120x55,1.7999999523162842x1.7999999523162842x1.9800000190734863x5,1.7999999523162842x1.7999999523162842x2.0339999198913574,j-,j,0.0289563,0.0230069,0.065,5,2,7,30,60,97,0;1000;2500,90,OK,,0.49,0.27,0.14,32.36,2.68,pass,
sub-126,ses-02,True,True,107.0,1.2,120x120x56x97,120x120x55,1.7999999523162842x1.7999999523162842x1.9800000190734863x5,1.7999999523162842x1.7999999523162842x2.0339999198913574,j-,j,0.0289563,0.0230069,0.065,5,2,7,30,60,97,0;1000;2500,90,OK,,0.61,0.4,0.26,25.37,2.16,pass,
sub-127,ses-01,True,True,101.0,1.1,120x120x56x97,120x120x55,1.7999999523162842x1.7999999523162842x1.9800000190734863x5,1.7999999523162842x1.7999999523162842x2.0339999198913574,j-,j,0.0289563,0.0230069,0.065,5,2,7,30,60,97,0;1000;2500,90,OK,,0.39,0.31,0.06,35.44,2.66,pass,
sub-127,ses-02,True,True,100.9,1.1,120x120x56x97,120x120x55,1.7999999523162842x1.7999999523162842x1.9800000190734863x5,1.7999999523162842x1.7999999523162842x2.0339999198913574,j-,j,0.0289563,0.0230069,0.065,5,2,7,30,60,97,0;1000;2500,90,OK,,0.39,0.31,0.02,37.02,2.94,pass,
sub-128,ses-01,True,True,108.0,1.2,120x120x56x97,120x120x55,1.7999999523162842x1.7999999523162842x1.9800000190734863x5,1.7999999523162842x1.7999999523162842x2.0339999198913574,j-,j,0.0289563,0.0230069,0.065,5,2,7,30,60,97,0;1000;2500,90,OK,,0.59,0.32,0.28,26.55,2.03,pass,
sub-129,ses-01,True,True,103.4,1.2,120x120x56x97,120x120x55,1.7999999523162842x1.7999999523162842x1.9800000190734863x5,1.7999999523162842x1.7999999523162842x2.0339999198913574,j-,j,0.0289563,0.0230069,0.065,5,2,7,30,60,97,0;1000;2500,90,OK,,0.68,0.32,0.18,36.02,2.64,pass,
sub-130,ses-01,True,True,102.4,1.2,120x120x56x97,120x120x55,1.7999999523162842x1.7999999523162842x1.9800000190734863x5,1.7999999523162842x1.7999999523162842x2.0339999198913574,j-,j,0.0289563,0.0230069,0.065,5,2,7,30,60,97,0;1000;2500,90,OK,,1.12,0.32,0.95,28.27,2.78,pass,
sub-130,ses-02,True,True,102.6,1.2,120x120x56x97,120x120x55,1.7999999523162842x1.7999999523162842x1.9800000190734863x5,1.7999999523162842x1.7999999523162842x2.0339999198913574,j-,j,0.0289563,0.0230069,0.065,5,2,7,30,60,97,0;1000;2500,90,OK,,0.97,0.27,0.06,28.31,2.8,pass,
sub-131,ses-01,True,True,102.7,1.2,120x120x56x97,120x120x55,1.7999999523162842x1.7999999523162842x1.9800000190734863x5,1.7999999523162842x1.7999999523162842x2.0339999198913574,j-,j,0.0289563,0.0230069,0.065,5,2,7,30,60,97,0;1000;2500,90,OK,,1.1,0.3,0.44,27.81,3.0,pass,
sub-132,ses-01,True,True,104.7,1.2,120x120x56x97,120x120x55,1.7999999523162842x1.7999999523162842x1.9800000190734863x5,1.7999999523162842x1.7999999523162842x2.0339999198913574,j-,j,0.0289563,0.0230069,0.065,5,2,7,30,60,97,0;1000;2500,90,OK,,2.47,0.35,1.09,16.66,2.3,fail,movement artifacts; banding-like artifacts
sub-133,ses-01,True,True,105.9,1.2,120x120x56x97,120x120x55,1.7999999523162842x1.7999999523162842x1.9800000190734863x5,1.7999999523162842x1.7999999523162842x2.0339999198913574,j-,j,0.0289563,0.0230069,0.065,5,2,7,30,60,97,0;1000;2500,90,OK,,0.4,0.29,0.04,35.58,2.4,pass,
sub-133,ses-02,True,True,105.4,1.2,120x120x56x97,120x120x55,1.7999999523162842x1.7999999523162842x1.9800000190734863x5,1.7999999523162842x1.7999999523162842x2.0339999198913574,j-,j,0.0289563,0.0230069,0.065,5,2,7,30,60,97,0;1000;2500,90,OK,,0.49,0.32,0.0,34.14,2.64,pass,
sub-134,ses-01,True,True,105.8,1.2,120x120x56x97,120x120x55,1.7999999523162842x1.7999999523162842x1.9800000190734863x5,1.7999999523162842x1.7999999523162842x2.0339999198913574,j-,j,0.0289563,0.0230069,0.065,5,2,7,30,60,97,0;1000;2500,90,OK,,0.41,0.29,0.26,38.72,3.23,pass,
sub-134,ses-02,True,True,99.1,1.2,120x120x52x97,120x120x52,1.7999999523162842x1.7999999523162842x1.9799998998641968x5.2069997787475586,1.7999999523162842x1.7999999523162842x2.0339999198913574,j-,j,0.0289563,0.0230069,0.065,5.207,2,7,30,60,97,0;1000;2500,90,OK,unexpected_AP_repetition_time(5.207); unexpected_AP_dimensions(120x120x52x97); unexpected_PA_dimensions(120x120x52); unexpected_AP_voxel_size(1.7999999523162842x1.7999999523162842x1.9799998998641968x5.2069997787475586),0.45,0.22,0.17,34.66,3.07,pass,
sub-135,ses-01,True,True,107.2,1.2,120x120x56x97,120x120x55,1.7999999523162842x1.7999999523162842x1.9800000190734863x5,1.7999999523162842x1.7999999523162842x2.0339999198913574,j-,j,0.0289563,0.0230069,0.065,5,2,7,30,60,97,0;1000;2500,90,OK,,0.37,0.28,0.08,35.23,2.86,pass,
sub-135,ses-02,True,True,105.3,1.2,120x120x56x97,120x120x55,1.7999999523162842x1.7999999523162842x1.9800000190734863x5,1.7999999523162842x1.7999999523162842x2.0339999198913574,j-,j,0.0289563,0.0230069,0.065,5,2,7,30,60,97,0;1000;2500,90,OK,,0.68,0.31,0.06,28.49,2.78,pass,
sub-138,ses-01,True,True,106.8,1.2,120x120x56x97,120x120x55,1.7999999523162842x1.7999999523162842x1.9800000190734863x5,1.7999999523162842x1.7999999523162842x2.0339999198913574,j-,j,0.0289563,0.0230069,0.065,5,2,7,30,60,97,0;1000;2500,90,OK,,0.73,0.31,0.08,27.65,2.62,pass,
sub-140,ses-01,True,True,106.7,1.2,120x120x56x97,120x120x55,1.7999999523162842x1.7999999523162842x1.9800000190734863x5,1.7999999523162842x1.7999999523162842x2.0339999198913574,j-,j,0.0289563,0.0230069,0.065,5,2,7,30,60,97,0;1000;2500,90,OK,,0.37,0.3,0.0,37.18,2.86,pass,
sub-140,ses-02,False,False,,,,,,,,,,,,,,,,,,,,,missing_AP_nii; missing_PA_nii,,,,,,fail,missing AP and PA nii; LR/RL encoding incompatible
sub-141,ses-01,True,True,103.4,1.2,120x120x56x97,120x120x55,1.7999999523162842x1.7999999523162842x1.9800000190734863x5,1.7999999523162842x1.7999999523162842x2.0339999198913574,j-,j,0.0289563,0.0230069,0.065,5,2,7,30,60,97,0;1000;2500,90,OK,,0.46,0.3,0.1,35.34,2.22,pass,
sub-141,ses-02,True,True,102.4,1.2,120x120x56x97,120x120x55,1.7999999523162842x1.7999999523162842x1.9800000190734863x5,1.7999999523162842x1.7999999523162842x2.0339999198913574,j-,j,0.0289563,0.0230069,0.065,5,2,7,30,60,97,0;1000;2500,90,OK,,0.37,0.28,0.08,28.96,2.21,monitor,obliquity 32.7deg (doubled from ses-01); verify template registration
sub-142,ses-01,True,True,104.2,1.2,120x120x56x97,120x120x55,1.7999999523162842x1.7999999523162842x1.9800000190734863x5,1.7999999523162842x1.7999999523162842x2.0339999198913574,j-,j,0.0289563,0.0230069,0.065,5,2,7,30,60,97,0;1000;2500,90,OK,,0.6,0.31,0.2,28.64,2.74,pass,
sub-142,ses-02,True,True,102.9,1.2,120x120x56x97,120x120x55,1.7999999523162842x1.7999999523162842x1.9800000190734863x5,1.7999999523162842x1.7999999523162842x2.0339999198913574,j-,j,0.0289563,0.0230069,0.065,5,2,7,30,60,97,0;1000;2500,90,OK,,0.42,0.31,0.34,30.43,3.88,monitor,obliquity 37.7deg (tripled from ses-01); verify template registration
sub-143,ses-01,True,True,111.4,1.3,120x120x56x97,120x120x55,1.7999999523162842x1.7999999523162842x1.9800000190734863x5,1.7999999523162842x1.7999999523162842x2.0339999198913574,j-,j,0.0289563,0.0230069,0.065,5,2,7,30,60,97,0;1000;2500,90,OK,,0.47,0.41,0.08,41.44,2.83,pass,
